{"cameraMode":{"drawMode":0,"name":"Shaded","section":"Shading Mode"},"sceneLighting":true,"audioPlay":false,"sceneViewState":{"showFog":true,"showMaterialUpdate":false,"showSkybox":true,"showFlares":true,"showImageEffects":true,"showParticleSystems":true},"in2DMode":false,"pivot":{"x":48.96392822265625,"y":7.105910778045654,"z":0.008811566978693009},"rotation":{"x":0.17720454931259156,"y":-0.6820608973503113,"z":0.17584668099880219,"w":0.6874030232429504},"size":0.5543072819709778,"orthographic":false}